preamble,stimulus,item,category,rank,"score (sum, mean, [list)",params,model
Option A1 gives 5 points. Option A2 gives 10 points. Option A3 gives 20 points. A1 is,best.,A1,best,1,"[(-7.0625, -3.53125, [-7.046875, -0.015625])]",335174458,bert-large-uncased
Option A1 gives 5 points. Option A2 gives 10 points. Option A3 gives 20 points. A2 is,best.,A2,best,2,"[(-6.9296875, -3.46484375, [-6.9296875, 0.0])]",335174458,bert-large-uncased
Option A1 gives 5 points. Option A2 gives 10 points. Option A3 gives 20 points. A3 is,best.,A3,best,3,"[(-6.84375, -3.421875, [-6.84375, 0.0])]",335174458,bert-large-uncased
Option A1 gives 5 points. Option A3 gives 10 points. Option A2 gives 20 points. A1 is,best.,A1,best,1,"[(-6.9921875, -3.49609375, [-6.9765625, -0.015625])]",335174458,bert-large-uncased
Option A1 gives 5 points. Option A3 gives 10 points. Option A2 gives 20 points. A2 is,best.,A2,best,3,"[(-6.828125, -3.4140625, [-6.828125, 0.0])]",335174458,bert-large-uncased
Option A1 gives 5 points. Option A3 gives 10 points. Option A2 gives 20 points. A3 is,best.,A3,best,2,"[(-6.828125, -3.4140625, [-6.828125, 0.0])]",335174458,bert-large-uncased
Option A2 gives 5 points. Option A1 gives 10 points. Option A3 gives 20 points. A1 is,best.,A1,best,2,"[(-6.984375, -3.4921875, [-6.984375, 0.0])]",335174458,bert-large-uncased
Option A2 gives 5 points. Option A1 gives 10 points. Option A3 gives 20 points. A2 is,best.,A2,best,1,"[(-6.8515625, -3.42578125, [-6.8515625, 0.0])]",335174458,bert-large-uncased
Option A2 gives 5 points. Option A1 gives 10 points. Option A3 gives 20 points. A3 is,best.,A3,best,3,"[(-6.90234375, -3.451171875, [-6.90234375, 0.0])]",335174458,bert-large-uncased
Option A2 gives 5 points. Option A3 gives 10 points. Option A1 gives 20 points. A1 is,best.,A1,best,3,"[(-6.73046875, -3.365234375, [-6.73046875, 0.0])]",335174458,bert-large-uncased
Option A2 gives 5 points. Option A3 gives 10 points. Option A1 gives 20 points. A2 is,best.,A2,best,1,"[(-6.7734375, -3.38671875, [-6.7734375, 0.0])]",335174458,bert-large-uncased
Option A2 gives 5 points. Option A3 gives 10 points. Option A1 gives 20 points. A3 is,best.,A3,best,2,"[(-6.9375, -3.46875, [-6.9375, 0.0])]",335174458,bert-large-uncased
Option A3 gives 5 points. Option A2 gives 10 points. Option A1 gives 20 points. A1 is,best.,A1,best,3,"[(-6.56640625, -3.283203125, [-6.56640625, 0.0])]",335174458,bert-large-uncased
Option A3 gives 5 points. Option A2 gives 10 points. Option A1 gives 20 points. A2 is,best.,A2,best,2,"[(-6.7109375, -3.35546875, [-6.7109375, 0.0])]",335174458,bert-large-uncased
Option A3 gives 5 points. Option A2 gives 10 points. Option A1 gives 20 points. A3 is,best.,A3,best,1,"[(-7.0, -3.5, [-7.0, 0.0])]",335174458,bert-large-uncased
Option A3 gives 5 points. Option A1 gives 10 points. Option A2 gives 20 points. A1 is,best.,A1,best,2,"[(-6.6796875, -3.33984375, [-6.6796875, 0.0])]",335174458,bert-large-uncased
Option A3 gives 5 points. Option A1 gives 10 points. Option A2 gives 20 points. A2 is,best.,A2,best,3,"[(-6.703125, -3.3515625, [-6.703125, 0.0])]",335174458,bert-large-uncased
Option A3 gives 5 points. Option A1 gives 10 points. Option A2 gives 20 points. A3 is,best.,A3,best,1,"[(-6.99609375, -3.498046875, [-6.99609375, 0.0])]",335174458,bert-large-uncased
Option A1 gives 5 points. Option A2 gives 20 points. Option A3 gives 10 points. A1 is,best.,A1,best,1,"[(-7.0234375, -3.51171875, [-7.0078125, -0.015625])]",335174458,bert-large-uncased
Option A1 gives 5 points. Option A2 gives 20 points. Option A3 gives 10 points. A2 is,best.,A2,best,3,"[(-6.87890625, -3.439453125, [-6.87890625, 0.0])]",335174458,bert-large-uncased
Option A1 gives 5 points. Option A2 gives 20 points. Option A3 gives 10 points. A3 is,best.,A3,best,2,"[(-6.7578125, -3.37890625, [-6.7578125, 0.0])]",335174458,bert-large-uncased
Option A1 gives 5 points. Option A3 gives 20 points. Option A2 gives 10 points. A1 is,best.,A1,best,1,"[(-6.921875, -3.4609375, [-6.90625, -0.015625])]",335174458,bert-large-uncased
Option A1 gives 5 points. Option A3 gives 20 points. Option A2 gives 10 points. A2 is,best.,A2,best,2,"[(-6.76953125, -3.384765625, [-6.76953125, 0.0])]",335174458,bert-large-uncased
Option A1 gives 5 points. Option A3 gives 20 points. Option A2 gives 10 points. A3 is,best.,A3,best,3,"[(-6.796875, -3.3984375, [-6.796875, 0.0])]",335174458,bert-large-uncased
Option A2 gives 5 points. Option A1 gives 20 points. Option A3 gives 10 points. A1 is,best.,A1,best,3,"[(-6.95703125, -3.478515625, [-6.95703125, 0.0])]",335174458,bert-large-uncased
Option A2 gives 5 points. Option A1 gives 20 points. Option A3 gives 10 points. A2 is,best.,A2,best,1,"[(-6.796875, -3.3984375, [-6.796875, 0.0])]",335174458,bert-large-uncased
Option A2 gives 5 points. Option A1 gives 20 points. Option A3 gives 10 points. A3 is,best.,A3,best,2,"[(-6.80859375, -3.404296875, [-6.80859375, 0.0])]",335174458,bert-large-uncased
Option A2 gives 5 points. Option A3 gives 20 points. Option A1 gives 10 points. A1 is,best.,A1,best,2,"[(-6.671875, -3.3359375, [-6.671875, 0.0])]",335174458,bert-large-uncased
Option A2 gives 5 points. Option A3 gives 20 points. Option A1 gives 10 points. A2 is,best.,A2,best,1,"[(-6.71484375, -3.357421875, [-6.71484375, 0.0])]",335174458,bert-large-uncased
Option A2 gives 5 points. Option A3 gives 20 points. Option A1 gives 10 points. A3 is,best.,A3,best,3,"[(-6.91015625, -3.455078125, [-6.91015625, 0.0])]",335174458,bert-large-uncased
Option A3 gives 5 points. Option A2 gives 20 points. Option A1 gives 10 points. A1 is,best.,A1,best,2,"[(-6.5390625, -3.26953125, [-6.5390625, 0.0])]",335174458,bert-large-uncased
Option A3 gives 5 points. Option A2 gives 20 points. Option A1 gives 10 points. A2 is,best.,A2,best,3,"[(-6.6640625, -3.33203125, [-6.6640625, 0.0])]",335174458,bert-large-uncased
Option A3 gives 5 points. Option A2 gives 20 points. Option A1 gives 10 points. A3 is,best.,A3,best,1,"[(-6.9453125, -3.47265625, [-6.9453125, 0.0])]",335174458,bert-large-uncased
Option A3 gives 5 points. Option A1 gives 20 points. Option A2 gives 10 points. A1 is,best.,A1,best,3,"[(-6.67578125, -3.337890625, [-6.67578125, 0.0])]",335174458,bert-large-uncased
Option A3 gives 5 points. Option A1 gives 20 points. Option A2 gives 10 points. A2 is,best.,A2,best,2,"[(-6.66015625, -3.330078125, [-6.66015625, 0.0])]",335174458,bert-large-uncased
Option A3 gives 5 points. Option A1 gives 20 points. Option A2 gives 10 points. A3 is,best.,A3,best,1,"[(-6.92578125, -3.462890625, [-6.92578125, 0.0])]",335174458,bert-large-uncased
Option A1 gives 10 points. Option A2 gives 5 points. Option A3 gives 20 points. A1 is,best.,A1,best,2,"[(-6.98046875, -3.490234375, [-6.98046875, 0.0])]",335174458,bert-large-uncased
Option A1 gives 10 points. Option A2 gives 5 points. Option A3 gives 20 points. A2 is,best.,A2,best,1,"[(-6.88671875, -3.443359375, [-6.88671875, 0.0])]",335174458,bert-large-uncased
Option A1 gives 10 points. Option A2 gives 5 points. Option A3 gives 20 points. A3 is,best.,A3,best,3,"[(-6.8359375, -3.41796875, [-6.8359375, 0.0])]",335174458,bert-large-uncased
Option A1 gives 10 points. Option A3 gives 5 points. Option A2 gives 20 points. A1 is,best.,A1,best,2,"[(-6.96484375, -3.482421875, [-6.96484375, 0.0])]",335174458,bert-large-uncased
Option A1 gives 10 points. Option A3 gives 5 points. Option A2 gives 20 points. A2 is,best.,A2,best,3,"[(-6.8203125, -3.41015625, [-6.8203125, 0.0])]",335174458,bert-large-uncased
Option A1 gives 10 points. Option A3 gives 5 points. Option A2 gives 20 points. A3 is,best.,A3,best,1,"[(-6.828125, -3.4140625, [-6.828125, 0.0])]",335174458,bert-large-uncased
Option A2 gives 10 points. Option A1 gives 5 points. Option A3 gives 20 points. A1 is,best.,A1,best,1,"[(-6.921875, -3.4609375, [-6.921875, 0.0])]",335174458,bert-large-uncased
Option A2 gives 10 points. Option A1 gives 5 points. Option A3 gives 20 points. A2 is,best.,A2,best,2,"[(-6.8046875, -3.40234375, [-6.8046875, 0.0])]",335174458,bert-large-uncased
Option A2 gives 10 points. Option A1 gives 5 points. Option A3 gives 20 points. A3 is,best.,A3,best,3,"[(-6.8828125, -3.44140625, [-6.8828125, 0.0])]",335174458,bert-large-uncased
Option A2 gives 10 points. Option A3 gives 5 points. Option A1 gives 20 points. A1 is,best.,A1,best,3,"[(-6.73046875, -3.365234375, [-6.73046875, 0.0])]",335174458,bert-large-uncased
Option A2 gives 10 points. Option A3 gives 5 points. Option A1 gives 20 points. A2 is,best.,A2,best,2,"[(-6.78125, -3.390625, [-6.78125, 0.0])]",335174458,bert-large-uncased
Option A2 gives 10 points. Option A3 gives 5 points. Option A1 gives 20 points. A3 is,best.,A3,best,1,"[(-6.92578125, -3.462890625, [-6.92578125, 0.0])]",335174458,bert-large-uncased
Option A3 gives 10 points. Option A2 gives 5 points. Option A1 gives 20 points. A1 is,best.,A1,best,3,"[(-6.56640625, -3.283203125, [-6.56640625, 0.0])]",335174458,bert-large-uncased
Option A3 gives 10 points. Option A2 gives 5 points. Option A1 gives 20 points. A2 is,best.,A2,best,1,"[(-6.6796875, -3.33984375, [-6.6796875, 0.0])]",335174458,bert-large-uncased
Option A3 gives 10 points. Option A2 gives 5 points. Option A1 gives 20 points. A3 is,best.,A3,best,2,"[(-7.0, -3.5, [-7.0, 0.0])]",335174458,bert-large-uncased
Option A3 gives 10 points. Option A1 gives 5 points. Option A2 gives 20 points. A1 is,best.,A1,best,1,"[(-6.65625, -3.328125, [-6.65625, 0.0])]",335174458,bert-large-uncased
Option A3 gives 10 points. Option A1 gives 5 points. Option A2 gives 20 points. A2 is,best.,A2,best,3,"[(-6.68359375, -3.341796875, [-6.68359375, 0.0])]",335174458,bert-large-uncased
Option A3 gives 10 points. Option A1 gives 5 points. Option A2 gives 20 points. A3 is,best.,A3,best,2,"[(-6.98828125, -3.494140625, [-6.98828125, 0.0])]",335174458,bert-large-uncased
Option A1 gives 10 points. Option A2 gives 20 points. Option A3 gives 5 points. A1 is,best.,A1,best,2,"[(-6.94921875, -3.474609375, [-6.93359375, -0.015625])]",335174458,bert-large-uncased
Option A1 gives 10 points. Option A2 gives 20 points. Option A3 gives 5 points. A2 is,best.,A2,best,3,"[(-6.79296875, -3.396484375, [-6.79296875, 0.0])]",335174458,bert-large-uncased
Option A1 gives 10 points. Option A2 gives 20 points. Option A3 gives 5 points. A3 is,best.,A3,best,1,"[(-6.70703125, -3.353515625, [-6.70703125, 0.0])]",335174458,bert-large-uncased
Option A1 gives 10 points. Option A3 gives 20 points. Option A2 gives 5 points. A1 is,best.,A1,best,2,"[(-6.88671875, -3.443359375, [-6.87109375, -0.015625])]",335174458,bert-large-uncased
Option A1 gives 10 points. Option A3 gives 20 points. Option A2 gives 5 points. A2 is,best.,A2,best,1,"[(-6.68359375, -3.341796875, [-6.68359375, 0.0])]",335174458,bert-large-uncased
Option A1 gives 10 points. Option A3 gives 20 points. Option A2 gives 5 points. A3 is,best.,A3,best,3,"[(-6.7109375, -3.35546875, [-6.7109375, 0.0])]",335174458,bert-large-uncased
Option A2 gives 10 points. Option A1 gives 20 points. Option A3 gives 5 points. A1 is,best.,A1,best,3,"[(-6.88671875, -3.443359375, [-6.88671875, 0.0])]",335174458,bert-large-uncased
Option A2 gives 10 points. Option A1 gives 20 points. Option A3 gives 5 points. A2 is,best.,A2,best,2,"[(-6.7109375, -3.35546875, [-6.7109375, 0.0])]",335174458,bert-large-uncased
Option A2 gives 10 points. Option A1 gives 20 points. Option A3 gives 5 points. A3 is,best.,A3,best,1,"[(-6.7734375, -3.38671875, [-6.7734375, 0.0])]",335174458,bert-large-uncased
Option A2 gives 10 points. Option A3 gives 20 points. Option A1 gives 5 points. A1 is,best.,A1,best,1,"[(-6.65234375, -3.326171875, [-6.65234375, 0.0])]",335174458,bert-large-uncased
Option A2 gives 10 points. Option A3 gives 20 points. Option A1 gives 5 points. A2 is,best.,A2,best,2,"[(-6.640625, -3.3203125, [-6.640625, 0.0])]",335174458,bert-large-uncased
Option A2 gives 10 points. Option A3 gives 20 points. Option A1 gives 5 points. A3 is,best.,A3,best,3,"[(-6.81640625, -3.408203125, [-6.81640625, 0.0])]",335174458,bert-large-uncased
Option A3 gives 10 points. Option A2 gives 20 points. Option A1 gives 5 points. A1 is,best.,A1,best,1,"[(-6.54296875, -3.271484375, [-6.54296875, 0.0])]",335174458,bert-large-uncased
Option A3 gives 10 points. Option A2 gives 20 points. Option A1 gives 5 points. A2 is,best.,A2,best,3,"[(-6.6015625, -3.30078125, [-6.6015625, 0.0])]",335174458,bert-large-uncased
Option A3 gives 10 points. Option A2 gives 20 points. Option A1 gives 5 points. A3 is,best.,A3,best,2,"[(-6.88671875, -3.443359375, [-6.88671875, 0.0])]",335174458,bert-large-uncased
Option A3 gives 10 points. Option A1 gives 20 points. Option A2 gives 5 points. A1 is,best.,A1,best,3,"[(-6.6328125, -3.31640625, [-6.6328125, 0.0])]",335174458,bert-large-uncased
Option A3 gives 10 points. Option A1 gives 20 points. Option A2 gives 5 points. A2 is,best.,A2,best,1,"[(-6.60546875, -3.302734375, [-6.60546875, 0.0])]",335174458,bert-large-uncased
Option A3 gives 10 points. Option A1 gives 20 points. Option A2 gives 5 points. A3 is,best.,A3,best,2,"[(-6.87109375, -3.435546875, [-6.87109375, 0.0])]",335174458,bert-large-uncased
Option A1 gives 20 points. Option A2 gives 10 points. Option A3 gives 5 points. A1 is,best.,A1,best,3,"[(-6.90234375, -3.451171875, [-6.90234375, 0.0])]",335174458,bert-large-uncased
Option A1 gives 20 points. Option A2 gives 10 points. Option A3 gives 5 points. A2 is,best.,A2,best,2,"[(-6.75, -3.375, [-6.75, 0.0])]",335174458,bert-large-uncased
Option A1 gives 20 points. Option A2 gives 10 points. Option A3 gives 5 points. A3 is,best.,A3,best,1,"[(-6.65234375, -3.326171875, [-6.65234375, 0.0])]",335174458,bert-large-uncased
Option A1 gives 20 points. Option A3 gives 10 points. Option A2 gives 5 points. A1 is,best.,A1,best,3,"[(-6.87890625, -3.439453125, [-6.86328125, -0.015625])]",335174458,bert-large-uncased
Option A1 gives 20 points. Option A3 gives 10 points. Option A2 gives 5 points. A2 is,best.,A2,best,1,"[(-6.65234375, -3.326171875, [-6.65234375, 0.0])]",335174458,bert-large-uncased
Option A1 gives 20 points. Option A3 gives 10 points. Option A2 gives 5 points. A3 is,best.,A3,best,2,"[(-6.65625, -3.328125, [-6.65625, 0.0])]",335174458,bert-large-uncased
Option A2 gives 20 points. Option A1 gives 10 points. Option A3 gives 5 points. A1 is,best.,A1,best,2,"[(-6.86328125, -3.431640625, [-6.86328125, 0.0])]",335174458,bert-large-uncased
Option A2 gives 20 points. Option A1 gives 10 points. Option A3 gives 5 points. A2 is,best.,A2,best,3,"[(-6.6796875, -3.33984375, [-6.6796875, 0.0])]",335174458,bert-large-uncased
Option A2 gives 20 points. Option A1 gives 10 points. Option A3 gives 5 points. A3 is,best.,A3,best,1,"[(-6.7265625, -3.36328125, [-6.7265625, 0.0])]",335174458,bert-large-uncased
Option A2 gives 20 points. Option A3 gives 10 points. Option A1 gives 5 points. A1 is,best.,A1,best,1,"[(-6.640625, -3.3203125, [-6.640625, 0.0])]",335174458,bert-large-uncased
Option A2 gives 20 points. Option A3 gives 10 points. Option A1 gives 5 points. A2 is,best.,A2,best,3,"[(-6.64453125, -3.322265625, [-6.64453125, 0.0])]",335174458,bert-large-uncased
Option A2 gives 20 points. Option A3 gives 10 points. Option A1 gives 5 points. A3 is,best.,A3,best,2,"[(-6.76953125, -3.384765625, [-6.76953125, 0.0])]",335174458,bert-large-uncased
Option A3 gives 20 points. Option A2 gives 10 points. Option A1 gives 5 points. A1 is,best.,A1,best,1,"[(-6.5078125, -3.25390625, [-6.5078125, 0.0])]",335174458,bert-large-uncased
Option A3 gives 20 points. Option A2 gives 10 points. Option A1 gives 5 points. A2 is,best.,A2,best,2,"[(-6.56640625, -3.283203125, [-6.56640625, 0.0])]",335174458,bert-large-uncased
Option A3 gives 20 points. Option A2 gives 10 points. Option A1 gives 5 points. A3 is,best.,A3,best,3,"[(-6.89453125, -3.447265625, [-6.89453125, 0.0])]",335174458,bert-large-uncased
Option A3 gives 20 points. Option A1 gives 10 points. Option A2 gives 5 points. A1 is,best.,A1,best,2,"[(-6.61328125, -3.306640625, [-6.61328125, 0.0])]",335174458,bert-large-uncased
Option A3 gives 20 points. Option A1 gives 10 points. Option A2 gives 5 points. A2 is,best.,A2,best,1,"[(-6.5703125, -3.28515625, [-6.5703125, 0.0])]",335174458,bert-large-uncased
Option A3 gives 20 points. Option A1 gives 10 points. Option A2 gives 5 points. A3 is,best.,A3,best,3,"[(-6.8984375, -3.44921875, [-6.8984375, 0.0])]",335174458,bert-large-uncased
Option A1 gives 20 points. Option A2 gives 5 points. Option A3 gives 10 points. A1 is,best.,A1,best,3,"[(-6.92578125, -3.462890625, [-6.92578125, 0.0])]",335174458,bert-large-uncased
Option A1 gives 20 points. Option A2 gives 5 points. Option A3 gives 10 points. A2 is,best.,A2,best,1,"[(-6.80078125, -3.400390625, [-6.80078125, 0.0])]",335174458,bert-large-uncased
Option A1 gives 20 points. Option A2 gives 5 points. Option A3 gives 10 points. A3 is,best.,A3,best,2,"[(-6.71484375, -3.357421875, [-6.71484375, 0.0])]",335174458,bert-large-uncased
Option A1 gives 20 points. Option A3 gives 5 points. Option A2 gives 10 points. A1 is,best.,A1,best,3,"[(-6.9296875, -3.46484375, [-6.9140625, -0.015625])]",335174458,bert-large-uncased
Option A1 gives 20 points. Option A3 gives 5 points. Option A2 gives 10 points. A2 is,best.,A2,best,2,"[(-6.74609375, -3.373046875, [-6.74609375, 0.0])]",335174458,bert-large-uncased
Option A1 gives 20 points. Option A3 gives 5 points. Option A2 gives 10 points. A3 is,best.,A3,best,1,"[(-6.73828125, -3.369140625, [-6.73828125, 0.0])]",335174458,bert-large-uncased
Option A2 gives 20 points. Option A1 gives 5 points. Option A3 gives 10 points. A1 is,best.,A1,best,1,"[(-6.87109375, -3.435546875, [-6.87109375, 0.0])]",335174458,bert-large-uncased
Option A2 gives 20 points. Option A1 gives 5 points. Option A3 gives 10 points. A2 is,best.,A2,best,3,"[(-6.73046875, -3.365234375, [-6.73046875, 0.0])]",335174458,bert-large-uncased
Option A2 gives 20 points. Option A1 gives 5 points. Option A3 gives 10 points. A3 is,best.,A3,best,2,"[(-6.78125, -3.390625, [-6.78125, 0.0])]",335174458,bert-large-uncased
Option A2 gives 20 points. Option A3 gives 5 points. Option A1 gives 10 points. A1 is,best.,A1,best,2,"[(-6.67578125, -3.337890625, [-6.67578125, 0.0])]",335174458,bert-large-uncased
Option A2 gives 20 points. Option A3 gives 5 points. Option A1 gives 10 points. A2 is,best.,A2,best,3,"[(-6.71484375, -3.357421875, [-6.71484375, 0.0])]",335174458,bert-large-uncased
Option A2 gives 20 points. Option A3 gives 5 points. Option A1 gives 10 points. A3 is,best.,A3,best,1,"[(-6.85546875, -3.427734375, [-6.85546875, 0.0])]",335174458,bert-large-uncased
Option A3 gives 20 points. Option A2 gives 5 points. Option A1 gives 10 points. A1 is,best.,A1,best,2,"[(-6.5234375, -3.26171875, [-6.5234375, 0.0])]",335174458,bert-large-uncased
Option A3 gives 20 points. Option A2 gives 5 points. Option A1 gives 10 points. A2 is,best.,A2,best,1,"[(-6.625, -3.3125, [-6.625, 0.0])]",335174458,bert-large-uncased
Option A3 gives 20 points. Option A2 gives 5 points. Option A1 gives 10 points. A3 is,best.,A3,best,3,"[(-6.9609375, -3.48046875, [-6.9609375, 0.0])]",335174458,bert-large-uncased
Option A3 gives 20 points. Option A1 gives 5 points. Option A2 gives 10 points. A1 is,best.,A1,best,1,"[(-6.625, -3.3125, [-6.625, 0.0])]",335174458,bert-large-uncased
Option A3 gives 20 points. Option A1 gives 5 points. Option A2 gives 10 points. A2 is,best.,A2,best,2,"[(-6.62890625, -3.314453125, [-6.62890625, 0.0])]",335174458,bert-large-uncased
Option A3 gives 20 points. Option A1 gives 5 points. Option A2 gives 10 points. A3 is,best.,A3,best,3,"[(-6.953125, -3.4765625, [-6.953125, 0.0])]",335174458,bert-large-uncased
Option A1 gives 5 points. Option A2 gives 10 points. Option A3 gives 20 points. A1 is,worst.,A1,worst,3,"[(-10.40625, -5.203125, [-10.40625, 0.0])]",335174458,bert-large-uncased
Option A1 gives 5 points. Option A2 gives 10 points. Option A3 gives 20 points. A2 is,worst.,A2,worst,2,"[(-10.046875, -5.0234375, [-10.046875, 0.0])]",335174458,bert-large-uncased
Option A1 gives 5 points. Option A2 gives 10 points. Option A3 gives 20 points. A3 is,worst.,A3,worst,1,"[(-10.109375, -5.0546875, [-10.109375, 0.0])]",335174458,bert-large-uncased
Option A1 gives 5 points. Option A3 gives 10 points. Option A2 gives 20 points. A1 is,worst.,A1,worst,3,"[(-10.390625, -5.1953125, [-10.390625, 0.0])]",335174458,bert-large-uncased
Option A1 gives 5 points. Option A3 gives 10 points. Option A2 gives 20 points. A2 is,worst.,A2,worst,1,"[(-9.921875, -4.9609375, [-9.921875, 0.0])]",335174458,bert-large-uncased
Option A1 gives 5 points. Option A3 gives 10 points. Option A2 gives 20 points. A3 is,worst.,A3,worst,2,"[(-10.6171875, -5.30859375, [-10.6171875, 0.0])]",335174458,bert-large-uncased
Option A2 gives 5 points. Option A1 gives 10 points. Option A3 gives 20 points. A1 is,worst.,A1,worst,2,"[(-10.53125, -5.265625, [-10.53125, 0.0])]",335174458,bert-large-uncased
Option A2 gives 5 points. Option A1 gives 10 points. Option A3 gives 20 points. A2 is,worst.,A2,worst,3,"[(-10.0546875, -5.02734375, [-10.0546875, 0.0])]",335174458,bert-large-uncased
Option A2 gives 5 points. Option A1 gives 10 points. Option A3 gives 20 points. A3 is,worst.,A3,worst,1,"[(-10.28125, -5.140625, [-10.28125, 0.0])]",335174458,bert-large-uncased
Option A2 gives 5 points. Option A3 gives 10 points. Option A1 gives 20 points. A1 is,worst.,A1,worst,1,"[(-10.1484375, -5.07421875, [-10.1484375, 0.0])]",335174458,bert-large-uncased
Option A2 gives 5 points. Option A3 gives 10 points. Option A1 gives 20 points. A2 is,worst.,A2,worst,3,"[(-9.8515625, -4.92578125, [-9.8515625, 0.0])]",335174458,bert-large-uncased
Option A2 gives 5 points. Option A3 gives 10 points. Option A1 gives 20 points. A3 is,worst.,A3,worst,2,"[(-10.78125, -5.390625, [-10.78125, 0.0])]",335174458,bert-large-uncased
Option A3 gives 5 points. Option A2 gives 10 points. Option A1 gives 20 points. A1 is,worst.,A1,worst,1,"[(-9.9609375, -4.98046875, [-9.9609375, 0.0])]",335174458,bert-large-uncased
Option A3 gives 5 points. Option A2 gives 10 points. Option A1 gives 20 points. A2 is,worst.,A2,worst,2,"[(-9.765625, -4.8828125, [-9.765625, 0.0])]",335174458,bert-large-uncased
Option A3 gives 5 points. Option A2 gives 10 points. Option A1 gives 20 points. A3 is,worst.,A3,worst,3,"[(-10.90625, -5.453125, [-10.90625, 0.0])]",335174458,bert-large-uncased
Option A3 gives 5 points. Option A1 gives 10 points. Option A2 gives 20 points. A1 is,worst.,A1,worst,2,"[(-10.1171875, -5.05859375, [-10.1171875, 0.0])]",335174458,bert-large-uncased
Option A3 gives 5 points. Option A1 gives 10 points. Option A2 gives 20 points. A2 is,worst.,A2,worst,1,"[(-9.8671875, -4.93359375, [-9.8671875, 0.0])]",335174458,bert-large-uncased
Option A3 gives 5 points. Option A1 gives 10 points. Option A2 gives 20 points. A3 is,worst.,A3,worst,3,"[(-10.8515625, -5.42578125, [-10.8515625, 0.0])]",335174458,bert-large-uncased
Option A1 gives 5 points. Option A2 gives 20 points. Option A3 gives 10 points. A1 is,worst.,A1,worst,3,"[(-10.3828125, -5.19140625, [-10.3828125, 0.0])]",335174458,bert-large-uncased
Option A1 gives 5 points. Option A2 gives 20 points. Option A3 gives 10 points. A2 is,worst.,A2,worst,1,"[(-9.9453125, -4.97265625, [-9.9453125, 0.0])]",335174458,bert-large-uncased
Option A1 gives 5 points. Option A2 gives 20 points. Option A3 gives 10 points. A3 is,worst.,A3,worst,2,"[(-9.96875, -4.984375, [-9.96875, 0.0])]",335174458,bert-large-uncased
Option A1 gives 5 points. Option A3 gives 20 points. Option A2 gives 10 points. A1 is,worst.,A1,worst,3,"[(-10.375, -5.1875, [-10.375, 0.0])]",335174458,bert-large-uncased
Option A1 gives 5 points. Option A3 gives 20 points. Option A2 gives 10 points. A2 is,worst.,A2,worst,2,"[(-9.859375, -4.9296875, [-9.859375, 0.0])]",335174458,bert-large-uncased
Option A1 gives 5 points. Option A3 gives 20 points. Option A2 gives 10 points. A3 is,worst.,A3,worst,1,"[(-10.5546875, -5.27734375, [-10.5546875, 0.0])]",335174458,bert-large-uncased
Option A2 gives 5 points. Option A1 gives 20 points. Option A3 gives 10 points. A1 is,worst.,A1,worst,1,"[(-10.5, -5.25, [-10.5, 0.0])]",335174458,bert-large-uncased
Option A2 gives 5 points. Option A1 gives 20 points. Option A3 gives 10 points. A2 is,worst.,A2,worst,3,"[(-9.9765625, -4.98828125, [-9.9765625, 0.0])]",335174458,bert-large-uncased
Option A2 gives 5 points. Option A1 gives 20 points. Option A3 gives 10 points. A3 is,worst.,A3,worst,2,"[(-10.109375, -5.0546875, [-10.109375, 0.0])]",335174458,bert-large-uncased
Option A2 gives 5 points. Option A3 gives 20 points. Option A1 gives 10 points. A1 is,worst.,A1,worst,2,"[(-10.125, -5.0625, [-10.125, 0.0])]",335174458,bert-large-uncased
Option A2 gives 5 points. Option A3 gives 20 points. Option A1 gives 10 points. A2 is,worst.,A2,worst,3,"[(-9.828125, -4.9140625, [-9.828125, 0.0])]",335174458,bert-large-uncased
Option A2 gives 5 points. Option A3 gives 20 points. Option A1 gives 10 points. A3 is,worst.,A3,worst,1,"[(-10.7421875, -5.37109375, [-10.7421875, 0.0])]",335174458,bert-large-uncased
Option A3 gives 5 points. Option A2 gives 20 points. Option A1 gives 10 points. A1 is,worst.,A1,worst,2,"[(-9.953125, -4.9765625, [-9.953125, 0.0])]",335174458,bert-large-uncased
Option A3 gives 5 points. Option A2 gives 20 points. Option A1 gives 10 points. A2 is,worst.,A2,worst,1,"[(-9.7109375, -4.85546875, [-9.7109375, 0.0])]",335174458,bert-large-uncased
Option A3 gives 5 points. Option A2 gives 20 points. Option A1 gives 10 points. A3 is,worst.,A3,worst,3,"[(-10.8671875, -5.43359375, [-10.8671875, 0.0])]",335174458,bert-large-uncased
Option A3 gives 5 points. Option A1 gives 20 points. Option A2 gives 10 points. A1 is,worst.,A1,worst,1,"[(-10.125, -5.0625, [-10.125, 0.0])]",335174458,bert-large-uncased
Option A3 gives 5 points. Option A1 gives 20 points. Option A2 gives 10 points. A2 is,worst.,A2,worst,2,"[(-9.7890625, -4.89453125, [-9.7890625, 0.0])]",335174458,bert-large-uncased
Option A3 gives 5 points. Option A1 gives 20 points. Option A2 gives 10 points. A3 is,worst.,A3,worst,3,"[(-10.7734375, -5.38671875, [-10.7734375, 0.0])]",335174458,bert-large-uncased
Option A1 gives 10 points. Option A2 gives 5 points. Option A3 gives 20 points. A1 is,worst.,A1,worst,2,"[(-10.359375, -5.1796875, [-10.359375, 0.0])]",335174458,bert-large-uncased
Option A1 gives 10 points. Option A2 gives 5 points. Option A3 gives 20 points. A2 is,worst.,A2,worst,3,"[(-10.0234375, -5.01171875, [-10.0234375, 0.0])]",335174458,bert-large-uncased
Option A1 gives 10 points. Option A2 gives 5 points. Option A3 gives 20 points. A3 is,worst.,A3,worst,1,"[(-10.0625, -5.03125, [-10.0625, 0.0])]",335174458,bert-large-uncased
Option A1 gives 10 points. Option A3 gives 5 points. Option A2 gives 20 points. A1 is,worst.,A1,worst,2,"[(-10.3515625, -5.17578125, [-10.3515625, 0.0])]",335174458,bert-large-uncased
Option A1 gives 10 points. Option A3 gives 5 points. Option A2 gives 20 points. A2 is,worst.,A2,worst,1,"[(-9.875, -4.9375, [-9.875, 0.0])]",335174458,bert-large-uncased
Option A1 gives 10 points. Option A3 gives 5 points. Option A2 gives 20 points. A3 is,worst.,A3,worst,3,"[(-10.6015625, -5.30078125, [-10.6015625, 0.0])]",335174458,bert-large-uncased
Option A2 gives 10 points. Option A1 gives 5 points. Option A3 gives 20 points. A1 is,worst.,A1,worst,3,"[(-10.4921875, -5.24609375, [-10.4921875, 0.0])]",335174458,bert-large-uncased
Option A2 gives 10 points. Option A1 gives 5 points. Option A3 gives 20 points. A2 is,worst.,A2,worst,2,"[(-10.0, -5.0, [-10.0, 0.0])]",335174458,bert-large-uncased
Option A2 gives 10 points. Option A1 gives 5 points. Option A3 gives 20 points. A3 is,worst.,A3,worst,1,"[(-10.2265625, -5.11328125, [-10.2265625, 0.0])]",335174458,bert-large-uncased
Option A2 gives 10 points. Option A3 gives 5 points. Option A1 gives 20 points. A1 is,worst.,A1,worst,1,"[(-10.125, -5.0625, [-10.125, 0.0])]",335174458,bert-large-uncased
Option A2 gives 10 points. Option A3 gives 5 points. Option A1 gives 20 points. A2 is,worst.,A2,worst,2,"[(-9.828125, -4.9140625, [-9.828125, 0.0])]",335174458,bert-large-uncased
Option A2 gives 10 points. Option A3 gives 5 points. Option A1 gives 20 points. A3 is,worst.,A3,worst,3,"[(-10.7578125, -5.37890625, [-10.7578125, 0.0])]",335174458,bert-large-uncased
Option A3 gives 10 points. Option A2 gives 5 points. Option A1 gives 20 points. A1 is,worst.,A1,worst,1,"[(-9.9453125, -4.97265625, [-9.9453125, 0.0])]",335174458,bert-large-uncased
Option A3 gives 10 points. Option A2 gives 5 points. Option A1 gives 20 points. A2 is,worst.,A2,worst,3,"[(-9.71875, -4.859375, [-9.71875, 0.0])]",335174458,bert-large-uncased
Option A3 gives 10 points. Option A2 gives 5 points. Option A1 gives 20 points. A3 is,worst.,A3,worst,2,"[(-10.875, -5.4375, [-10.875, 0.0])]",335174458,bert-large-uncased
Option A3 gives 10 points. Option A1 gives 5 points. Option A2 gives 20 points. A1 is,worst.,A1,worst,3,"[(-10.09375, -5.046875, [-10.09375, 0.0])]",335174458,bert-large-uncased
Option A3 gives 10 points. Option A1 gives 5 points. Option A2 gives 20 points. A2 is,worst.,A2,worst,1,"[(-9.828125, -4.9140625, [-9.828125, 0.0])]",335174458,bert-large-uncased
Option A3 gives 10 points. Option A1 gives 5 points. Option A2 gives 20 points. A3 is,worst.,A3,worst,2,"[(-10.8125, -5.40625, [-10.8125, 0.0])]",335174458,bert-large-uncased
Option A1 gives 10 points. Option A2 gives 20 points. Option A3 gives 5 points. A1 is,worst.,A1,worst,2,"[(-10.296875, -5.1484375, [-10.296875, 0.0])]",335174458,bert-large-uncased
Option A1 gives 10 points. Option A2 gives 20 points. Option A3 gives 5 points. A2 is,worst.,A2,worst,1,"[(-9.9375, -4.96875, [-9.9375, 0.0])]",335174458,bert-large-uncased
Option A1 gives 10 points. Option A2 gives 20 points. Option A3 gives 5 points. A3 is,worst.,A3,worst,3,"[(-10.015625, -5.0078125, [-10.015625, 0.0])]",335174458,bert-large-uncased
Option A1 gives 10 points. Option A3 gives 20 points. Option A2 gives 5 points. A1 is,worst.,A1,worst,2,"[(-10.328125, -5.1640625, [-10.328125, 0.0])]",335174458,bert-large-uncased
Option A1 gives 10 points. Option A3 gives 20 points. Option A2 gives 5 points. A2 is,worst.,A2,worst,3,"[(-9.84375, -4.921875, [-9.84375, 0.0])]",335174458,bert-large-uncased
Option A1 gives 10 points. Option A3 gives 20 points. Option A2 gives 5 points. A3 is,worst.,A3,worst,1,"[(-10.5234375, -5.26171875, [-10.5234375, 0.0])]",335174458,bert-large-uncased
Option A2 gives 10 points. Option A1 gives 20 points. Option A3 gives 5 points. A1 is,worst.,A1,worst,1,"[(-10.4140625, -5.20703125, [-10.4140625, 0.0])]",335174458,bert-large-uncased
Option A2 gives 10 points. Option A1 gives 20 points. Option A3 gives 5 points. A2 is,worst.,A2,worst,2,"[(-9.9375, -4.96875, [-9.9375, 0.0])]",335174458,bert-large-uncased
Option A2 gives 10 points. Option A1 gives 20 points. Option A3 gives 5 points. A3 is,worst.,A3,worst,3,"[(-10.1875, -5.09375, [-10.1875, 0.0])]",335174458,bert-large-uncased
Option A2 gives 10 points. Option A3 gives 20 points. Option A1 gives 5 points. A1 is,worst.,A1,worst,3,"[(-10.109375, -5.0546875, [-10.109375, 0.0])]",335174458,bert-large-uncased
Option A2 gives 10 points. Option A3 gives 20 points. Option A1 gives 5 points. A2 is,worst.,A2,worst,2,"[(-9.8203125, -4.91015625, [-9.8203125, 0.0])]",335174458,bert-large-uncased
Option A2 gives 10 points. Option A3 gives 20 points. Option A1 gives 5 points. A3 is,worst.,A3,worst,1,"[(-10.6953125, -5.34765625, [-10.6953125, 0.0])]",335174458,bert-large-uncased
Option A3 gives 10 points. Option A2 gives 20 points. Option A1 gives 5 points. A1 is,worst.,A1,worst,3,"[(-9.9609375, -4.98046875, [-9.9609375, 0.0])]",335174458,bert-large-uncased
Option A3 gives 10 points. Option A2 gives 20 points. Option A1 gives 5 points. A2 is,worst.,A2,worst,1,"[(-9.7265625, -4.86328125, [-9.7265625, 0.0])]",335174458,bert-large-uncased
Option A3 gives 10 points. Option A2 gives 20 points. Option A1 gives 5 points. A3 is,worst.,A3,worst,2,"[(-10.8203125, -5.41015625, [-10.8203125, 0.0])]",335174458,bert-large-uncased
Option A3 gives 10 points. Option A1 gives 20 points. Option A2 gives 5 points. A1 is,worst.,A1,worst,1,"[(-10.0859375, -5.04296875, [-10.0859375, 0.0])]",335174458,bert-large-uncased
Option A3 gives 10 points. Option A1 gives 20 points. Option A2 gives 5 points. A2 is,worst.,A2,worst,3,"[(-9.796875, -4.8984375, [-9.796875, 0.0])]",335174458,bert-large-uncased
Option A3 gives 10 points. Option A1 gives 20 points. Option A2 gives 5 points. A3 is,worst.,A3,worst,2,"[(-10.734375, -5.3671875, [-10.734375, 0.0])]",335174458,bert-large-uncased
Option A1 gives 20 points. Option A2 gives 10 points. Option A3 gives 5 points. A1 is,worst.,A1,worst,1,"[(-10.265625, -5.1328125, [-10.265625, 0.0])]",335174458,bert-large-uncased
Option A1 gives 20 points. Option A2 gives 10 points. Option A3 gives 5 points. A2 is,worst.,A2,worst,2,"[(-9.90625, -4.953125, [-9.90625, 0.0])]",335174458,bert-large-uncased
Option A1 gives 20 points. Option A2 gives 10 points. Option A3 gives 5 points. A3 is,worst.,A3,worst,3,"[(-9.96875, -4.984375, [-9.96875, 0.0])]",335174458,bert-large-uncased
Option A1 gives 20 points. Option A3 gives 10 points. Option A2 gives 5 points. A1 is,worst.,A1,worst,1,"[(-10.3125, -5.15625, [-10.3125, 0.0])]",335174458,bert-large-uncased
Option A1 gives 20 points. Option A3 gives 10 points. Option A2 gives 5 points. A2 is,worst.,A2,worst,3,"[(-9.8046875, -4.90234375, [-9.8046875, 0.0])]",335174458,bert-large-uncased
Option A1 gives 20 points. Option A3 gives 10 points. Option A2 gives 5 points. A3 is,worst.,A3,worst,2,"[(-10.4765625, -5.23828125, [-10.4765625, 0.0])]",335174458,bert-large-uncased
Option A2 gives 20 points. Option A1 gives 10 points. Option A3 gives 5 points. A1 is,worst.,A1,worst,2,"[(-10.421875, -5.2109375, [-10.421875, 0.0])]",335174458,bert-large-uncased
Option A2 gives 20 points. Option A1 gives 10 points. Option A3 gives 5 points. A2 is,worst.,A2,worst,1,"[(-9.9140625, -4.95703125, [-9.9140625, 0.0])]",335174458,bert-large-uncased
Option A2 gives 20 points. Option A1 gives 10 points. Option A3 gives 5 points. A3 is,worst.,A3,worst,3,"[(-10.171875, -5.0859375, [-10.171875, 0.0])]",335174458,bert-large-uncased
Option A2 gives 20 points. Option A3 gives 10 points. Option A1 gives 5 points. A1 is,worst.,A1,worst,3,"[(-10.1015625, -5.05078125, [-10.1015625, 0.0])]",335174458,bert-large-uncased
Option A2 gives 20 points. Option A3 gives 10 points. Option A1 gives 5 points. A2 is,worst.,A2,worst,1,"[(-9.8046875, -4.90234375, [-9.8046875, 0.0])]",335174458,bert-large-uncased
Option A2 gives 20 points. Option A3 gives 10 points. Option A1 gives 5 points. A3 is,worst.,A3,worst,2,"[(-10.65625, -5.328125, [-10.65625, 0.0])]",335174458,bert-large-uncased
Option A3 gives 20 points. Option A2 gives 10 points. Option A1 gives 5 points. A1 is,worst.,A1,worst,3,"[(-9.9609375, -4.98046875, [-9.9609375, 0.0])]",335174458,bert-large-uncased
Option A3 gives 20 points. Option A2 gives 10 points. Option A1 gives 5 points. A2 is,worst.,A2,worst,2,"[(-9.7109375, -4.85546875, [-9.7109375, 0.0])]",335174458,bert-large-uncased
Option A3 gives 20 points. Option A2 gives 10 points. Option A1 gives 5 points. A3 is,worst.,A3,worst,1,"[(-10.8203125, -5.41015625, [-10.8203125, 0.0])]",335174458,bert-large-uncased
Option A3 gives 20 points. Option A1 gives 10 points. Option A2 gives 5 points. A1 is,worst.,A1,worst,2,"[(-10.109375, -5.0546875, [-10.109375, 0.0])]",335174458,bert-large-uncased
Option A3 gives 20 points. Option A1 gives 10 points. Option A2 gives 5 points. A2 is,worst.,A2,worst,3,"[(-9.796875, -4.8984375, [-9.796875, 0.0])]",335174458,bert-large-uncased
Option A3 gives 20 points. Option A1 gives 10 points. Option A2 gives 5 points. A3 is,worst.,A3,worst,1,"[(-10.7578125, -5.37890625, [-10.7578125, 0.0])]",335174458,bert-large-uncased
Option A1 gives 20 points. Option A2 gives 5 points. Option A3 gives 10 points. A1 is,worst.,A1,worst,1,"[(-10.3203125, -5.16015625, [-10.3203125, 0.0])]",335174458,bert-large-uncased
Option A1 gives 20 points. Option A2 gives 5 points. Option A3 gives 10 points. A2 is,worst.,A2,worst,3,"[(-9.890625, -4.9453125, [-9.890625, 0.0])]",335174458,bert-large-uncased
Option A1 gives 20 points. Option A2 gives 5 points. Option A3 gives 10 points. A3 is,worst.,A3,worst,2,"[(-9.90625, -4.953125, [-9.90625, 0.0])]",335174458,bert-large-uncased
Option A1 gives 20 points. Option A3 gives 5 points. Option A2 gives 10 points. A1 is,worst.,A1,worst,1,"[(-10.3359375, -5.16796875, [-10.3359375, 0.0])]",335174458,bert-large-uncased
Option A1 gives 20 points. Option A3 gives 5 points. Option A2 gives 10 points. A2 is,worst.,A2,worst,2,"[(-9.8046875, -4.90234375, [-9.8046875, 0.0])]",335174458,bert-large-uncased
Option A1 gives 20 points. Option A3 gives 5 points. Option A2 gives 10 points. A3 is,worst.,A3,worst,3,"[(-10.484375, -5.2421875, [-10.484375, 0.0])]",335174458,bert-large-uncased
Option A2 gives 20 points. Option A1 gives 5 points. Option A3 gives 10 points. A1 is,worst.,A1,worst,3,"[(-10.46875, -5.234375, [-10.46875, 0.0])]",335174458,bert-large-uncased
Option A2 gives 20 points. Option A1 gives 5 points. Option A3 gives 10 points. A2 is,worst.,A2,worst,1,"[(-9.921875, -4.9609375, [-9.921875, 0.0])]",335174458,bert-large-uncased
Option A2 gives 20 points. Option A1 gives 5 points. Option A3 gives 10 points. A3 is,worst.,A3,worst,2,"[(-10.09375, -5.046875, [-10.09375, 0.0])]",335174458,bert-large-uncased
Option A2 gives 20 points. Option A3 gives 5 points. Option A1 gives 10 points. A1 is,worst.,A1,worst,2,"[(-10.1171875, -5.05859375, [-10.1171875, 0.0])]",335174458,bert-large-uncased
Option A2 gives 20 points. Option A3 gives 5 points. Option A1 gives 10 points. A2 is,worst.,A2,worst,1,"[(-9.78125, -4.890625, [-9.78125, 0.0])]",335174458,bert-large-uncased
Option A2 gives 20 points. Option A3 gives 5 points. Option A1 gives 10 points. A3 is,worst.,A3,worst,3,"[(-10.6796875, -5.33984375, [-10.6796875, 0.0])]",335174458,bert-large-uncased
Option A3 gives 20 points. Option A2 gives 5 points. Option A1 gives 10 points. A1 is,worst.,A1,worst,2,"[(-9.9609375, -4.98046875, [-9.9609375, 0.0])]",335174458,bert-large-uncased
Option A3 gives 20 points. Option A2 gives 5 points. Option A1 gives 10 points. A2 is,worst.,A2,worst,3,"[(-9.671875, -4.8359375, [-9.671875, 0.0])]",335174458,bert-large-uncased
Option A3 gives 20 points. Option A2 gives 5 points. Option A1 gives 10 points. A3 is,worst.,A3,worst,1,"[(-10.859375, -5.4296875, [-10.859375, 0.0])]",335174458,bert-large-uncased
Option A3 gives 20 points. Option A1 gives 5 points. Option A2 gives 10 points. A1 is,worst.,A1,worst,3,"[(-10.1171875, -5.05859375, [-10.1171875, 0.0])]",335174458,bert-large-uncased
Option A3 gives 20 points. Option A1 gives 5 points. Option A2 gives 10 points. A2 is,worst.,A2,worst,2,"[(-9.7734375, -4.88671875, [-9.7734375, 0.0])]",335174458,bert-large-uncased
Option A3 gives 20 points. Option A1 gives 5 points. Option A2 gives 10 points. A3 is,worst.,A3,worst,1,"[(-10.78125, -5.390625, [-10.78125, 0.0])]",335174458,bert-large-uncased
